"","lsufballtruth","coach","o","just","dumb","cajun","recruited","top","qb","cfb","hired","top","young","offensive","mind","scoring","",""
"","","walked","","nest","two","years","ago","ready","lsu","coach","o","says","expects","mississippi","state","","",""
"","lsufballtruth","coach","o","just","dumb","cajun","recruited","top","qb","cfb","hired","top","young","offensive","mind","","scoring",""
"geauxtigers","lsu","","","","","ita","women's","southern","regional","results","day","one","","","","","",""
"","lsufballtruth","coach","o","just","dumb","cajun","recruited","top","qb","cfb","hired","top","young","offensive","mind","","scoring",""
"","lsufballtruth","heisman","goes","joe","burrow","lsu","","total","yds","","yds","g","","rating","tua","tagovailo","",""
"","lsufballtruth","coach","o","just","dumb","cajun","recruited","top","qb","cfb","hired","top","young","offensive","mind","","scoring",""
"","lsu","midterms","upon","us","it’s","essential","find","great","place","study","lsu","","","","","","",""
"","lsufballtruth","coach","o","just","dumb","cajun","recruited","top","qb","cfb","hired","top","young","offensive","mind","","scoring",""
"","","wafbweather","app","tells","forecast","lsu","mississippi","state","improving","","","","hnheld","","","","",""
"","lsufballtruth","coach","o","just","dumb","cajun","recruited","top","qb","cfb","hired","top","young","offensive","mind","","scoring",""
"","lsufballtruth","heisman","goes","joe","burrow","lsu","","total","yds","","yds","g","","rating","tua","tagovailo","",""
"","lsufballtruth","coach","o","just","dumb","cajun","recruited","top","qb","cfb","hired","top","young","offensive","mind","","scoring",""
"","","lsu","bowl","projections","week","","tigers","pick","another","cfp","semifinal","pick","florida","win","","","",""
"","lsufballtruth","coach","o","just","dumb","cajun","recruited","top","qb","cfb","hired","top","young","offensive","mind","","scoring",""
"","","moffitt","mood","wednesday","lsu","","","","","","","","","","","","",""
"wafbweather","app","tells","forecast","lsu","mississippi","state","improving","","","","hnheldvuvf","","","","","","",""
"","lsufballtruth","lsu’s","historic","","team","","","","","","","","","","","","",""
"","lsufballtruth","coach","o","just","dumb","cajun","recruited","top","qb","cfb","hired","top","young","offensive","mind","","scoring",""
"","lsufballtruth","coach","o","just","dumb","cajun","recruited","top","qb","cfb","hired","top","young","offensive","mind","","scoring",""
"","lsufballtruth","coach","o","just","dumb","cajun","recruited","top","qb","cfb","hired","top","young","offensive","mind","","scoring",""
"lsu's","arkansas","","amp","jocee_ht","slingshotimalandshark","sasuagemcmuffin's","kritiquingboardwalks","bottlepoppin","","","","","","","","","",""
"","lsufballtruth","coach","o","just","dumb","cajun","recruited","top","qb","cfb","hired","top","young","offensive","mind","","scoring",""
"","lsufballtruth","coach","o","just","dumb","cajun","recruited","top","qb","cfb","hired","top","young","offensive","mind","","scoring",""
"lsu","bowl","projections","week","","tigers","pick","another","cfp","semifinal","pick","florida","win","","","","","",""
"","lsufballtruth","coach","o","just","dumb","cajun","recruited","top","qb","cfb","hired","top","young","offensive","mind","","scoring",""
"","lsufballtruth","coach","o","just","dumb","cajun","recruited","top","qb","cfb","hired","top","young","offensive","mind","","scoring",""
"","","second","best","team","lsu","history","much","fun","watch","","","","","","","","",""
"","lsufballtruth","coach","o","just","dumb","cajun","recruited","top","qb","cfb","hired","top","young","offensive","mind","","scoring",""
"","lsufballtruth","coach","o","just","dumb","cajun","recruited","top","qb","cfb","hired","top","young","offensive","mind","","scoring",""
"","lsufballtruth","coach","o","just","dumb","cajun","recruited","top","qb","cfb","hired","top","young","offensive","mind","","scoring",""
"five","lsu","players","watch","mississippi","state","burrow","aims","record","books","first","look","freshme","","","","","",""
"","lsufballtruth","heisman","goes","joe","burrow","lsu","","total","yds","","yds","g","","rating","tua","tagovailo","",""
"","lsufbrecruiting","one","many","reasons","choose","come","lsu","","","","","","","","","","",""
"","lsufballtruth","coach","o","just","dumb","cajun","recruited","top","qb","cfb","hired","top","young","offensive","mind","","scoring",""
"","lsufballtruth","coach","o","just","dumb","cajun","recruited","top","qb","cfb","hired","top","young","offensive","mind","","scoring",""
"","lsufballtruth","coach","o","just","dumb","cajun","recruited","top","qb","cfb","hired","top","young","offensive","mind","","scoring",""
"","lsufballtruth","coach","o","just","dumb","cajun","recruited","top","qb","cfb","hired","top","young","offensive","mind","","scoring",""
"","lsufballtruth","coach","o","just","dumb","cajun","recruited","top","qb","cfb","hired","top","young","offensive","mind","","scoring",""
"","lsufballtruth","coach","o","just","dumb","cajun","recruited","top","qb","cfb","hired","top","young","offensive","mind","","scoring",""
"","lsufballtruth","coach","o","just","dumb","cajun","recruited","top","qb","cfb","hired","top","young","offensive","mind","","scoring",""
"","lsufballtruth","coach","o","just","dumb","cajun","recruited","top","qb","cfb","hired","top","young","offensive","mind","","scoring",""
"","sheadixon","cbssports","mid","season","americans","lsu","landed","four","players","first","team","including","lone","true","freshma","","",""
"","lsufballtruth","coach","o","just","dumb","cajun","recruited","top","qb","cfb","hired","top","young","offensive","mind","","scoring",""
"","lsufballtruth","coach","o","just","dumb","cajun","recruited","top","qb","cfb","hired","top","young","offensive","mind","","scoring",""
"","lsufballtruth","coach","o","just","dumb","cajun","recruited","top","qb","cfb","hired","top","young","offensive","mind","","scoring",""
"","lsufballtruth","coach","o","just","dumb","cajun","recruited","top","qb","cfb","hired","top","young","offensive","mind","","scoring",""
"","tommykrysan","listen","recent","episode","podcast","lsu","football","update","","thumbs","","","","podcas","","","",""
"","lsutigersvoice","conversation","week","hearing","voices","hailstatevoice","puts","radio","broadcast","perspective","","","","","","","",""
"","lsutigersvoice","conversation","week","hearing","voices","hailstatevoice","puts","radio","broadcast","perspective","","","","","","","",""
"bulldog","faithful","proud","team","win","lose","just","make","sure","kick","lsu","ass","saturday","","","","","",""
"","lsufballtruth","coach","o","just","dumb","cajun","recruited","top","qb","cfb","hired","top","young","offensive","mind","","scoring",""
"","lsufballtruth","heisman","goes","joe","burrow","lsu","","total","yds","","yds","g","","rating","tua","tagovailo","",""
"","lsufballtruth","coach","o","just","dumb","cajun","recruited","top","qb","cfb","hired","top","young","offensive","mind","","scoring",""
"","lsufballtruth","coach","o","just","dumb","cajun","recruited","top","qb","cfb","hired","top","young","offensive","mind","","scoring",""
"","lsufballtruth","coach","o","just","dumb","cajun","recruited","top","qb","cfb","hired","top","young","offensive","mind","","scoring",""
"","lsufballtruth","coach","o","just","dumb","cajun","recruited","top","qb","cfb","hired","top","young","offensive","mind","","scoring",""
"","lsufballtruth","coach","o","just","dumb","cajun","recruited","top","qb","cfb","hired","top","young","offensive","mind","","scoring",""
"","","digital","doodle","lloyd","cushenberry","lsu","lsufootball","geauxtigers","","","","","","","","","",""
"","samspiegs","denton","guyer","ath","kj","liggins","iamkeithliggins","getting","acclimated","new","offense","also","surveying","hi","","","",""
"","lsufballtruth","coach","o","just","dumb","cajun","recruited","top","qb","cfb","hired","top","young","offensive","mind","","scoring",""
"","lsufballtruth","coach","o","just","dumb","cajun","recruited","top","qb","cfb","hired","top","young","offensive","mind","","scoring",""
"","lsufballtruth","coach","o","just","dumb","cajun","recruited","top","qb","cfb","hired","top","young","offensive","mind","","scoring",""
"","lsufballtruth","coach","o","just","dumb","cajun","recruited","top","qb","cfb","hired","top","young","offensive","mind","","scoring",""
"","lsufballtruth","coach","o","just","dumb","cajun","recruited","top","qb","cfb","hired","top","young","offensive","mind","","scoring",""
"","lsufballtruth","coach","o","just","dumb","cajun","recruited","top","qb","cfb","hired","top","young","offensive","mind","","scoring",""
"","lsufballtruth","coach","o","just","dumb","cajun","recruited","top","qb","cfb","hired","top","young","offensive","mind","","scoring",""
"","lsufballtruth","heisman","goes","joe","burrow","lsu","","total","yds","","yds","g","","rating","tua","tagovailo","",""
"","sheadixon","want","know","lsu's","staff","loves","","star","lb","commit","josh","white","","much","one","look","midseason","highlights"
"f","","","","","","","","","","","","","","","","","",""
"","lsufballtruth","coach","o","just","dumb","cajun","recruited","top","qb","cfb","hired","top","young","offensive","mind","","scoring",""
"","lsufballtruth","coach","o","just","dumb","cajun","recruited","top","qb","cfb","hired","top","young","offensive","mind","","scoring",""
"","lsufballtruth","coach","o","just","dumb","cajun","recruited","top","qb","cfb","hired","top","young","offensive","mind","","scoring",""
"","","tolerate","violating","louisiana","camels","evil","twin","tells","coach","o","lsu","win","great","","","","",""
"","lsufballtruth","coach","o","just","dumb","cajun","recruited","top","qb","cfb","hired","top","young","offensive","mind","","scoring",""
"who’s","still","campus","lsu","","","","","","","","","","","","","","",""
"","lsufballtruth","coach","o","just","dumb","cajun","recruited","top","qb","cfb","hired","top","young","offensive","mind","","scoring",""
"","lsufballtruth","heisman","goes","joe","burrow","lsu","","total","yds","","yds","g","","rating","tua","tagovailo","",""
"","lsufballtruth","coach","o","just","dumb","cajun","recruited","top","qb","cfb","hired","top","young","offensive","mind","","scoring",""
"","lsufballtruth","coach","o","just","dumb","cajun","recruited","top","qb","cfb","hired","top","young","offensive","mind","","scoring",""
"heisman","goes","joe","burrow","lsu","","total","yds","","yds","g","","rating","tua","tago","","","",""
"","lsufballtruth","coach","o","just","dumb","cajun","recruited","top","qb","cfb","hired","top","young","offensive","mind","","scoring",""
"","lsufballtruth","coach","o","just","dumb","cajun","recruited","top","qb","cfb","hired","top","young","offensive","mind","","scoring",""
"","lsufballtruth","coach","o","just","dumb","cajun","recruited","top","qb","cfb","hired","top","young","offensive","mind","","scoring",""
"","","","lsu","grade","midseason","","hands","position","position","evaluations","gave","joe","burrow","","","","",""
"","","moffitt","mood","wednesday","lsu","","","","","","","","","","","","",""
"","","moffitt","mood","wednesday","lsu","","","","","","","","","","","","",""
"","lsufballtruth","sec","total","offense","rankings","lsu","","","yards","g","msu","","","yards","g","lsu","vs","msu"
"","tigerdroppings","espn","heisman","watch","lsu's","joe","burrow","takes","","spot","","","senqmggkay","","","","",""
"","","tolerate","violating","louisiana","camels","evil","twin","tells","coach","o","lsu","win","great","","","","",""
"","lsufballtruth","coach","o","just","dumb","cajun","recruited","top","qb","cfb","hired","top","young","offensive","mind","","scoring",""
"","samspiegs","lsu","first","offer","atascocita","rb","quincy","thompson","spring","sept","","hit","schools","like","usc","fighton","m",""
"","lsufballtruth","coach","o","just","dumb","cajun","recruited","top","qb","cfb","hired","top","young","offensive","mind","","scoring",""
"","lsufballtruth","lsu’s","historic","","team","","","","","","","","","","","","",""
"","lsufballtruth","florida","real","dbu","lsu","","","","","","","","","","","","",""
"","samspiegs","denton","guyer","ath","kj","liggins","iamkeithliggins","getting","acclimated","new","offense","also","surveying","hi","","","",""
"","","moffitt","mood","wednesday","lsu","","","","","","","","","","","","",""
"","dakotacmitchell","beyond","blessed","receive","offer","louisiana","state","university","lsu","geauxtigers","cdangelo_lsu","coachhoats","h","","","","",""
"","","","lsu","grade","midseason","","hands","position","position","evaluations","gave","joe","burrow","","","","",""
"","lsu","grade","midseason","","hands","position","position","evaluations","gave","","","","","","","","",""
"","lsufballtruth","coach","o","just","dumb","cajun","recruited","top","qb","cfb","hired","top","young","offensive","mind","","scoring",""
